Id,FirstName,LastName,Salary,ManagerId
1,CEOFirstName,CEOLastName,100000,
2,ManagerFirstName2,ManagerLastName2,75000,1
3,ManagerFirstName3,ManagerLastName3,56250,1
4,ManagerFirstName4,ManagerLastName4,43313,1
5,ManagerFirstName5,ManagerLastName5,30753,1
6,ManagerFirstName6,ManagerLastName6,22758,1
7,ManagerFirstName7,ManagerLastName7,16841,1
8,ManagerFirstName8,ManagerLastName8,13136,1
9,ManagerFirstName9,ManagerLastName9,10509,1
10,ManagerFirstName10,ManagerLastName10,7672,1
11,ManagerFirstName11,ManagerLastName11,6138,2
12,ManagerFirstName12,ManagerLastName12,4358,2
13,ManagerFirstName13,ManagerLastName13,3225,2
14,ManagerFirstName14,ManagerLastName14,2322,2
15,ManagerFirstName15,ManagerLastName15,1649,2
16,ManagerFirstName16,ManagerLastName16,1171,2
17,ManagerFirstName17,ManagerLastName17,879,2
18,ManagerFirstName18,ManagerLastName18,633,2
19,ManagerFirstName19,ManagerLastName19,494,2
20,ManagerFirstName20,ManagerLastName20,386,2
21,ManagerFirstName21,ManagerLastName21,294,3
22,ManagerFirstName22,ManagerLastName22,218,3
23,ManagerFirstName23,ManagerLastName23,160,3
24,ManagerFirstName24,ManagerLastName24,125,3
25,ManagerFirstName25,ManagerLastName25,92,3
26,ManagerFirstName26,ManagerLastName26,70,3
27,ManagerFirstName27,ManagerLastName27,55,3
28,ManagerFirstName28,ManagerLastName28,41,3
29,ManagerFirstName29,ManagerLastName29,30,3
30,ManagerFirstName30,ManagerLastName30,24,3
31,ManagerFirstName31,ManagerLastName31,19,4
32,ManagerFirstName32,ManagerLastName32,14,4
33,ManagerFirstName33,ManagerLastName33,11,4
34,ManagerFirstName34,ManagerLastName34,8,4
35,ManagerFirstName35,ManagerLastName35,7,4
36,ManagerFirstName36,ManagerLastName36,6,4
37,ManagerFirstName37,ManagerLastName37,5,4
38,ManagerFirstName38,ManagerLastName38,4,4
39,ManagerFirstName39,ManagerLastName39,4,4
40,ManagerFirstName40,ManagerLastName40,4,4
41,ManagerFirstName41,ManagerLastName41,3,5
42,ManagerFirstName42,ManagerLastName42,3,5
43,ManagerFirstName43,ManagerLastName43,3,5
44,ManagerFirstName44,ManagerLastName44,3,5
45,ManagerFirstName45,ManagerLastName45,3,5
46,ManagerFirstName46,ManagerLastName46,3,5
47,ManagerFirstName47,ManagerLastName47,3,5
48,ManagerFirstName48,ManagerLastName48,3,5
49,ManagerFirstName49,ManagerLastName49,3,5
50,ManagerFirstName50,ManagerLastName50,3,5
51,EmployeeFirstName51,EmployeeLastName51,57844,28
52,EmployeeFirstName52,EmployeeLastName52,54930,45
53,EmployeeFirstName53,EmployeeLastName53,54002,13
54,EmployeeFirstName54,EmployeeLastName54,58576,29
55,EmployeeFirstName55,EmployeeLastName55,61768,46
56,EmployeeFirstName56,EmployeeLastName56,51125,2
57,EmployeeFirstName57,EmployeeLastName57,53414,33
58,EmployeeFirstName58,EmployeeLastName58,57729,3
59,EmployeeFirstName59,EmployeeLastName59,60016,5
60,EmployeeFirstName60,EmployeeLastName60,54719,16
61,EmployeeFirstName61,EmployeeLastName61,61704,25
62,EmployeeFirstName62,EmployeeLastName62,60916,31
63,EmployeeFirstName63,EmployeeLastName63,56423,47
64,EmployeeFirstName64,EmployeeLastName64,54856,27
65,EmployeeFirstName65,EmployeeLastName65,57727,45
66,EmployeeFirstName66,EmployeeLastName66,57858,32
67,EmployeeFirstName67,EmployeeLastName67,58589,42
68,EmployeeFirstName68,EmployeeLastName68,60870,24
69,EmployeeFirstName69,EmployeeLastName69,51264,37
70,EmployeeFirstName70,EmployeeLastName70,61604,2
71,EmployeeFirstName71,EmployeeLastName71,54159,45
72,EmployeeFirstName72,EmployeeLastName72,60212,43
73,EmployeeFirstName73,EmployeeLastName73,60143,33
74,EmployeeFirstName74,EmployeeLastName74,52588,8
75,EmployeeFirstName75,EmployeeLastName75,54929,45
76,EmployeeFirstName76,EmployeeLastName76,61634,5
77,EmployeeFirstName77,EmployeeLastName77,57655,13
78,EmployeeFirstName78,EmployeeLastName78,56261,16
79,EmployeeFirstName79,EmployeeLastName79,57680,4
80,EmployeeFirstName80,EmployeeLastName80,56894,34
81,EmployeeFirstName81,EmployeeLastName81,57618,7
82,EmployeeFirstName82,EmployeeLastName82,60831,11
83,EmployeeFirstName83,EmployeeLastName83,57076,21
84,EmployeeFirstName84,EmployeeLastName84,52623,20
85,EmployeeFirstName85,EmployeeLastName85,56826,10
86,EmployeeFirstName86,EmployeeLastName86,59386,29
87,EmployeeFirstName87,EmployeeLastName87,55450,3
88,EmployeeFirstName88,EmployeeLastName88,57828,38
89,EmployeeFirstName89,EmployeeLastName89,60048,13
90,EmployeeFirstName90,EmployeeLastName90,57083,31
91,EmployeeFirstName91,EmployeeLastName91,51860,8
92,EmployeeFirstName92,EmployeeLastName92,53310,8
93,EmployeeFirstName93,EmployeeLastName93,58606,28
94,EmployeeFirstName94,EmployeeLastName94,55601,38
95,EmployeeFirstName95,EmployeeLastName95,54071,26
96,EmployeeFirstName96,EmployeeLastName96,56344,27
97,EmployeeFirstName97,EmployeeLastName97,54117,47
98,EmployeeFirstName98,EmployeeLastName98,61693,23
99,EmployeeFirstName99,EmployeeLastName99,60931,32
100,EmployeeFirstName100,EmployeeLastName100,52692,33
101,EmployeeFirstName101,EmployeeLastName101,57093,49
102,EmployeeFirstName102,EmployeeLastName102,58500,35
103,EmployeeFirstName103,EmployeeLastName103,58676,43
104,EmployeeFirstName104,EmployeeLastName104,59383,27
105,EmployeeFirstName105,EmployeeLastName105,59404,33
106,EmployeeFirstName106,EmployeeLastName106,54213,49
107,EmployeeFirstName107,EmployeeLastName107,51998,40
108,EmployeeFirstName108,EmployeeLastName108,58586,23
109,EmployeeFirstName109,EmployeeLastName109,54836,28
110,EmployeeFirstName110,EmployeeLastName110,54080,36
111,EmployeeFirstName111,EmployeeLastName111,55598,26
112,EmployeeFirstName112,EmployeeLastName112,57029,13
113,EmployeeFirstName113,EmployeeLastName113,63261,19
114,EmployeeFirstName114,EmployeeLastName114,59355,34
115,EmployeeFirstName115,EmployeeLastName115,61718,29
116,EmployeeFirstName116,EmployeeLastName116,55614,30
117,EmployeeFirstName117,EmployeeLastName117,59337,47
118,EmployeeFirstName118,EmployeeLastName118,54119,37
119,EmployeeFirstName119,EmployeeLastName119,53331,13
120,EmployeeFirstName120,EmployeeLastName120,57075,33
121,EmployeeFirstName121,EmployeeLastName121,50584,43
122,EmployeeFirstName122,EmployeeLastName122,52637,27
123,EmployeeFirstName123,EmployeeLastName123,55497,14
124,EmployeeFirstName124,EmployeeLastName124,54076,19
125,EmployeeFirstName125,EmployeeLastName125,57878,34
126,EmployeeFirstName126,EmployeeLastName126,57059,29
127,EmployeeFirstName127,EmployeeLastName127,59283,29
128,EmployeeFirstName128,EmployeeLastName128,52659,33
129,EmployeeFirstName129,EmployeeLastName129,59341,15
130,EmployeeFirstName130,EmployeeLastName130,58576,38
131,EmployeeFirstName131,EmployeeLastName131,54849,28
132,EmployeeFirstName132,EmployeeLastName132,57650,12
133,EmployeeFirstName133,EmployeeLastName133,61730,43
134,EmployeeFirstName134,EmployeeLastName134,54168,41
135,EmployeeFirstName135,EmployeeLastName135,58591,20
136,EmployeeFirstName136,EmployeeLastName136,57781,16
137,EmployeeFirstName137,EmployeeLastName137,55505,8
138,EmployeeFirstName138,EmployeeLastName138,54797,23
139,EmployeeFirstName139,EmployeeLastName139,62436,11
140,EmployeeFirstName140,EmployeeLastName140,52658,26
141,EmployeeFirstName141,EmployeeLastName141,60129,20
142,EmployeeFirstName142,EmployeeLastName142,58418,5
143,EmployeeFirstName143,EmployeeLastName143,54873,45
144,EmployeeFirstName144,EmployeeLastName144,58597,45
145,EmployeeFirstName145,EmployeeLastName145,53421,49
146,EmployeeFirstName146,EmployeeLastName146,57862,30
147,EmployeeFirstName147,EmployeeLastName147,54876,31
148,EmployeeFirstName148,EmployeeLastName148,57790,40
149,EmployeeFirstName149,EmployeeLastName149,57013,9
150,EmployeeFirstName150,EmployeeLastName150,54754,2
151,EmployeeFirstName151,EmployeeLastName151,54173,39
152,EmployeeFirstName152,EmployeeLastName152,55642,47
153,EmployeeFirstName153,EmployeeLastName153,53277,7
154,EmployeeFirstName154,EmployeeLastName154,61653,18
155,EmployeeFirstName155,EmployeeLastName155,57851,33
156,EmployeeFirstName156,EmployeeLastName156,57793,12
157,EmployeeFirstName157,EmployeeLastName157,61701,24
158,EmployeeFirstName158,EmployeeLastName158,52669,31
159,EmployeeFirstName159,EmployeeLastName159,59257,3
160,EmployeeFirstName160,EmployeeLastName160,60088,9
161,EmployeeFirstName161,EmployeeLastName161,51930,23
162,EmployeeFirstName162,EmployeeLastName162,56974,22
163,EmployeeFirstName163,EmployeeLastName163,61748,40
164,EmployeeFirstName164,EmployeeLastName164,54756,20
165,EmployeeFirstName165,EmployeeLastName165,55608,32
166,EmployeeFirstName166,EmployeeLastName166,58409,3
167,EmployeeFirstName167,EmployeeLastName167,56956,18
168,EmployeeFirstName168,EmployeeLastName168,61638,6
169,EmployeeFirstName169,EmployeeLastName169,54115,36
170,EmployeeFirstName170,EmployeeLastName170,54797,23
171,EmployeeFirstName171,EmployeeLastName171,57744,33
172,EmployeeFirstName172,EmployeeLastName172,60069,24
173,EmployeeFirstName173,EmployeeLastName173,57039,18
174,EmployeeFirstName174,EmployeeLastName174,52683,31
175,EmployeeFirstName175,EmployeeLastName175,62541,41
176,EmployeeFirstName176,EmployeeLastName176,54084,29
177,EmployeeFirstName177,EmployeeLastName177,61719,31
178,EmployeeFirstName178,EmployeeLastName178,59238,10
179,EmployeeFirstName179,EmployeeLastName179,57906,41
180,EmployeeFirstName180,EmployeeLastName180,54762,13
181,EmployeeFirstName181,EmployeeLastName181,60858,20
182,EmployeeFirstName182,EmployeeLastName182,60999,47
183,EmployeeFirstName183,EmployeeLastName183,59431,46
184,EmployeeFirstName184,EmployeeLastName184,54193,44
185,EmployeeFirstName185,EmployeeLastName185,56288,13
186,EmployeeFirstName186,EmployeeLastName186,57877,49
187,EmployeeFirstName187,EmployeeLastName187,60087,30
188,EmployeeFirstName188,EmployeeLastName188,56347,31
189,EmployeeFirstName189,EmployeeLastName189,57670,25
190,EmployeeFirstName190,EmployeeLastName190,57027,8
191,EmployeeFirstName191,EmployeeLastName191,57109,41
192,EmployeeFirstName192,EmployeeLastName192,54077,15
193,EmployeeFirstName193,EmployeeLastName193,60939,37
194,EmployeeFirstName194,EmployeeLastName194,51204,22
195,EmployeeFirstName195,EmployeeLastName195,59251,18
196,EmployeeFirstName196,EmployeeLastName196,60060,21
197,EmployeeFirstName197,EmployeeLastName197,60072,11
198,EmployeeFirstName198,EmployeeLastName198,51865,10
199,EmployeeFirstName199,EmployeeLastName199,55539,36
200,EmployeeFirstName200,EmployeeLastName200,52002,41
201,EmployeeFirstName201,EmployeeLastName201,51246,31
202,EmployeeFirstName202,EmployeeLastName202,62535,44
203,EmployeeFirstName203,EmployeeLastName203,60920,24
204,EmployeeFirstName204,EmployeeLastName204,54199,48
205,EmployeeFirstName205,EmployeeLastName205,59337,18
206,EmployeeFirstName206,EmployeeLastName206,60213,46
207,EmployeeFirstName207,EmployeeLastName207,52583,11
208,EmployeeFirstName208,EmployeeLastName208,60086,8
209,EmployeeFirstName209,EmployeeLastName209,56118,7
210,EmployeeFirstName210,EmployeeLastName210,54126,36
211,EmployeeFirstName211,EmployeeLastName211,58506,37
212,EmployeeFirstName212,EmployeeLastName212,57114,42
213,EmployeeFirstName213,EmployeeLastName213,60030,11
214,EmployeeFirstName214,EmployeeLastName214,56391,39
215,EmployeeFirstName215,EmployeeLastName215,59384,45
216,EmployeeFirstName216,EmployeeLastName216,61632,4
217,EmployeeFirstName217,EmployeeLastName217,54043,25
218,EmployeeFirstName218,EmployeeLastName218,52623,20
219,EmployeeFirstName219,EmployeeLastName219,55674,48
220,EmployeeFirstName220,EmployeeLastName220,55514,9
221,EmployeeFirstName221,EmployeeLastName221,55458,18
222,EmployeeFirstName222,EmployeeLastName222,60944,36
223,EmployeeFirstName223,EmployeeLastName223,57031,9
224,EmployeeFirstName224,EmployeeLastName224,52615,15
225,EmployeeFirstName225,EmployeeLastName225,60006,3
226,EmployeeFirstName226,EmployeeLastName226,55674,48
227,EmployeeFirstName227,EmployeeLastName227,57680,4
228,EmployeeFirstName228,EmployeeLastName228,54184,44
229,EmployeeFirstName229,EmployeeLastName229,54168,41
230,EmployeeFirstName230,EmployeeLastName230,57806,27
231,EmployeeFirstName231,EmployeeLastName231,54680,3
232,EmployeeFirstName232,EmployeeLastName232,61634,5
233,EmployeeFirstName233,EmployeeLastName233,60152,39
234,EmployeeFirstName234,EmployeeLastName234,55451,4
235,EmployeeFirstName235,EmployeeLastName235,60980,42
236,EmployeeFirstName236,EmployeeLastName236,60863,11
237,EmployeeFirstName237,EmployeeLastName237,57687,31
238,EmployeeFirstName238,EmployeeLastName238,60180,46
239,EmployeeFirstName239,EmployeeLastName239,51886,14
240,EmployeeFirstName240,EmployeeLastName240,58539,11
241,EmployeeFirstName241,EmployeeLastName241,52563,7
242,EmployeeFirstName242,EmployeeLastName242,52581,6
243,EmployeeFirstName243,EmployeeLastName243,53476,48
244,EmployeeFirstName244,EmployeeLastName244,55624,42
245,EmployeeFirstName245,EmployeeLastName245,59322,42
246,EmployeeFirstName246,EmployeeLastName246,52685,40
247,EmployeeFirstName247,EmployeeLastName247,56843,16
248,EmployeeFirstName248,EmployeeLastName248,57758,3
249,EmployeeFirstName249,EmployeeLastName249,58418,7
250,EmployeeFirstName250,EmployeeLastName250,60849,6
251,EmployeeFirstName251,EmployeeLastName251,56173,5
252,EmployeeFirstName252,EmployeeLastName252,54165,37
253,EmployeeFirstName253,EmployeeLastName253,56307,47
254,EmployeeFirstName254,EmployeeLastName254,54876,31
255,EmployeeFirstName255,EmployeeLastName255,57647,17
256,EmployeeFirstName256,EmployeeLastName256,63213,5
257,EmployeeFirstName257,EmployeeLastName257,56971,31
258,EmployeeFirstName258,EmployeeLastName258,64103,33
259,EmployeeFirstName259,EmployeeLastName259,57846,42
260,EmployeeFirstName260,EmployeeLastName260,53428,36
261,EmployeeFirstName261,EmployeeLastName261,60861,21
262,EmployeeFirstName262,EmployeeLastName262,59276,19
263,EmployeeFirstName263,EmployeeLastName263,56222,45
264,EmployeeFirstName264,EmployeeLastName264,56298,22
265,EmployeeFirstName265,EmployeeLastName265,55400,7
266,EmployeeFirstName266,EmployeeLastName266,60870,24
267,EmployeeFirstName267,EmployeeLastName267,51907,19
268,EmployeeFirstName268,EmployeeLastName268,57084,23
269,EmployeeFirstName269,EmployeeLastName269,56260,6
270,EmployeeFirstName270,EmployeeLastName270,55519,12
271,EmployeeFirstName271,EmployeeLastName271,55484,14
272,EmployeeFirstName272,EmployeeLastName272,56988,3
273,EmployeeFirstName273,EmployeeLastName273,54896,41
274,EmployeeFirstName274,EmployeeLastName274,51950,28
275,EmployeeFirstName275,EmployeeLastName275,60948,37
276,EmployeeFirstName276,EmployeeLastName276,61727,42
277,EmployeeFirstName277,EmployeeLastName277,59431,46
278,EmployeeFirstName278,EmployeeLastName278,55676,46
279,EmployeeFirstName279,EmployeeLastName279,54040,19
280,EmployeeFirstName280,EmployeeLastName280,56356,36
281,EmployeeFirstName281,EmployeeLastName281,61732,35
282,EmployeeFirstName282,EmployeeLastName282,55454,5
283,EmployeeFirstName283,EmployeeLastName283,56192,23
284,EmployeeFirstName284,EmployeeLastName284,54941,48
285,EmployeeFirstName285,EmployeeLastName285,57912,43
286,EmployeeFirstName286,EmployeeLastName286,54903,38
287,EmployeeFirstName287,EmployeeLastName287,54066,13
288,EmployeeFirstName288,EmployeeLastName288,50460,13
289,EmployeeFirstName289,EmployeeLastName289,57652,19
290,EmployeeFirstName290,EmployeeLastName290,57834,36
291,EmployeeFirstName291,EmployeeLastName291,54025,2
292,EmployeeFirstName292,EmployeeLastName292,63284,26
293,EmployeeFirstName293,EmployeeLastName293,50588,44
294,EmployeeFirstName294,EmployeeLastName294,54098,28
295,EmployeeFirstName295,EmployeeLastName295,51296,45
296,EmployeeFirstName296,EmployeeLastName296,56818,7
297,EmployeeFirstName297,EmployeeLastName297,56329,26
298,EmployeeFirstName298,EmployeeLastName298,57875,39
299,EmployeeFirstName299,EmployeeLastName299,61777,49
300,EmployeeFirstName300,EmployeeLastName300,62453,16
301,EmployeeFirstName301,EmployeeLastName301,57008,3
302,EmployeeFirstName302,EmployeeLastName302,60893,18
303,EmployeeFirstName303,EmployeeLastName303,63219,7
304,EmployeeFirstName304,EmployeeLastName304,61652,10
305,EmployeeFirstName305,EmployeeLastName305,56216,43
306,EmployeeFirstName306,EmployeeLastName306,56999,19
307,EmployeeFirstName307,EmployeeLastName307,61664,18
308,EmployeeFirstName308,EmployeeLastName308,53355,21
309,EmployeeFirstName309,EmployeeLastName309,60006,3
310,EmployeeFirstName310,EmployeeLastName310,57758,3
311,EmployeeFirstName311,EmployeeLastName311,58548,35
312,EmployeeFirstName312,EmployeeLastName312,57827,21
313,EmployeeFirstName313,EmployeeLastName313,57780,41
314,EmployeeFirstName314,EmployeeLastName314,58598,26
315,EmployeeFirstName315,EmployeeLastName315,61684,19
316,EmployeeFirstName316,EmployeeLastName316,60080,21
317,EmployeeFirstName317,EmployeeLastName317,60044,2
318,EmployeeFirstName318,EmployeeLastName318,54093,20
319,EmployeeFirstName319,EmployeeLastName319,59363,23
320,EmployeeFirstName320,EmployeeLastName320,58497,34
321,EmployeeFirstName321,EmployeeLastName321,54815,45
322,EmployeeFirstName322,EmployeeLastName322,54879,38
323,EmployeeFirstName323,EmployeeLastName323,51141,6
324,EmployeeFirstName324,EmployeeLastName324,54697,9
325,EmployeeFirstName325,EmployeeLastName325,54112,25
326,EmployeeFirstName326,EmployeeLastName326,51260,36
327,EmployeeFirstName327,EmployeeLastName327,57777,15
328,EmployeeFirstName328,EmployeeLastName328,57134,38
329,EmployeeFirstName329,EmployeeLastName329,57080,46
330,EmployeeFirstName330,EmployeeLastName330,58476,27
331,EmployeeFirstName331,EmployeeLastName331,56287,14
332,EmployeeFirstName332,EmployeeLastName332,59334,33
333,EmployeeFirstName333,EmployeeLastName333,61673,16
334,EmployeeFirstName334,EmployeeLastName334,59334,46
335,EmployeeFirstName335,EmployeeLastName335,54087,38
336,EmployeeFirstName336,EmployeeLastName336,57797,13
337,EmployeeFirstName337,EmployeeLastName337,59425,39
338,EmployeeFirstName338,EmployeeLastName338,52646,23
339,EmployeeFirstName339,EmployeeLastName339,56354,33
340,EmployeeFirstName340,EmployeeLastName340,60024,7
341,EmployeeFirstName341,EmployeeLastName341,50489,20
342,EmployeeFirstName342,EmployeeLastName342,56178,20
343,EmployeeFirstName343,EmployeeLastName343,52010,43
344,EmployeeFirstName344,EmployeeLastName344,52743,48
345,EmployeeFirstName345,EmployeeLastName345,59310,38
346,EmployeeFirstName346,EmployeeLastName346,55440,20
347,EmployeeFirstName347,EmployeeLastName347,51271,37
348,EmployeeFirstName348,EmployeeLastName348,60128,33
349,EmployeeFirstName349,EmployeeLastName349,51259,34
350,EmployeeFirstName350,EmployeeLastName350,54130,37
351,EmployeeFirstName351,EmployeeLastName351,58591,45
352,EmployeeFirstName352,EmployeeLastName352,57049,18
353,EmployeeFirstName353,EmployeeLastName353,56397,40
354,EmployeeFirstName354,EmployeeLastName354,56309,35
355,EmployeeFirstName355,EmployeeLastName355,57679,3
356,EmployeeFirstName356,EmployeeLastName356,64141,45
357,EmployeeFirstName357,EmployeeLastName357,61699,25
358,EmployeeFirstName358,EmployeeLastName358,54105,22
359,EmployeeFirstName359,EmployeeLastName359,57101,31
360,EmployeeFirstName360,EmployeeLastName360,58646,45
361,EmployeeFirstName361,EmployeeLastName361,54137,30
362,EmployeeFirstName362,EmployeeLastName362,56277,17
363,EmployeeFirstName363,EmployeeLastName363,62434,8
364,EmployeeFirstName364,EmployeeLastName364,51140,6
365,EmployeeFirstName365,EmployeeLastName365,59233,12
366,EmployeeFirstName366,EmployeeLastName366,54703,11
367,EmployeeFirstName367,EmployeeLastName367,57741,6
368,EmployeeFirstName368,EmployeeLastName368,56269,8
369,EmployeeFirstName369,EmployeeLastName369,60880,27
370,EmployeeFirstName370,EmployeeLastName370,61708,36
371,EmployeeFirstName371,EmployeeLastName371,54063,31
372,EmployeeFirstName372,EmployeeLastName372,57708,13
373,EmployeeFirstName373,EmployeeLastName373,57080,30
374,EmployeeFirstName374,EmployeeLastName374,54073,14
375,EmployeeFirstName375,EmployeeLastName375,53277,7
376,EmployeeFirstName376,EmployeeLastName376,56318,19
377,EmployeeFirstName377,EmployeeLastName377,62421,4
378,EmployeeFirstName378,EmployeeLastName378,59384,45
379,EmployeeFirstName379,EmployeeLastName379,60092,24
380,EmployeeFirstName380,EmployeeLastName380,60217,47
381,EmployeeFirstName381,EmployeeLastName381,64010,4
382,EmployeeFirstName382,EmployeeLastName382,56820,5
383,EmployeeFirstName383,EmployeeLastName383,57837,26
384,EmployeeFirstName384,EmployeeLastName384,63221,7
385,EmployeeFirstName385,EmployeeLastName385,58555,15
386,EmployeeFirstName386,EmployeeLastName386,58492,22
387,EmployeeFirstName387,EmployeeLastName387,62424,5
388,EmployeeFirstName388,EmployeeLastName388,60807,3
389,EmployeeFirstName389,EmployeeLastName389,64122,39
390,EmployeeFirstName390,EmployeeLastName390,60924,30
391,EmployeeFirstName391,EmployeeLastName391,55583,26
392,EmployeeFirstName392,EmployeeLastName392,53424,41
393,EmployeeFirstName393,EmployeeLastName393,54021,6
394,EmployeeFirstName394,EmployeeLastName394,51982,36
395,EmployeeFirstName395,EmployeeLastName395,55503,40
396,EmployeeFirstName396,EmployeeLastName396,58557,11
397,EmployeeFirstName397,EmployeeLastName397,58659,49
398,EmployeeFirstName398,EmployeeLastName398,59294,5
399,EmployeeFirstName399,EmployeeLastName399,55633,35
400,EmployeeFirstName400,EmployeeLastName400,54690,7
401,EmployeeFirstName401,EmployeeLastName401,55445,2
402,EmployeeFirstName402,EmployeeLastName402,59351,37
403,EmployeeFirstName403,EmployeeLastName403,56982,40
404,EmployeeFirstName404,EmployeeLastName404,60044,2
405,EmployeeFirstName405,EmployeeLastName405,57793,44
406,EmployeeFirstName406,EmployeeLastName406,54795,12
407,EmployeeFirstName407,EmployeeLastName407,56258,3
408,EmployeeFirstName408,EmployeeLastName408,55403,8
409,EmployeeFirstName409,EmployeeLastName409,53476,48
410,EmployeeFirstName410,EmployeeLastName410,53964,2
411,EmployeeFirstName411,EmployeeLastName411,55513,10
412,EmployeeFirstName412,EmployeeLastName412,56847,11
413,EmployeeFirstName413,EmployeeLastName413,62416,6
414,EmployeeFirstName414,EmployeeLastName414,61002,48
415,EmployeeFirstName415,EmployeeLastName415,55527,27
416,EmployeeFirstName416,EmployeeLastName416,55671,47
417,EmployeeFirstName417,EmployeeLastName417,59457,48
418,EmployeeFirstName418,EmployeeLastName418,57859,28
419,EmployeeFirstName419,EmployeeLastName419,59373,40
420,EmployeeFirstName420,EmployeeLastName420,56977,39
421,EmployeeFirstName421,EmployeeLastName421,57179,48
422,EmployeeFirstName422,EmployeeLastName422,54783,9
423,EmployeeFirstName423,EmployeeLastName423,60175,43
424,EmployeeFirstName424,EmployeeLastName424,55578,22
425,EmployeeFirstName425,EmployeeLastName425,57739,49
426,EmployeeFirstName426,EmployeeLastName426,59461,49
427,EmployeeFirstName427,EmployeeLastName427,57014,45
428,EmployeeFirstName428,EmployeeLastName428,59298,13
429,EmployeeFirstName429,EmployeeLastName429,56996,43
430,EmployeeFirstName430,EmployeeLastName430,56342,40
431,EmployeeFirstName431,EmployeeLastName431,57797,42
432,EmployeeFirstName432,EmployeeLastName432,58422,6
433,EmployeeFirstName433,EmployeeLastName433,51930,23
434,EmployeeFirstName434,EmployeeLastName434,56376,39
435,EmployeeFirstName435,EmployeeLastName435,58418,7
436,EmployeeFirstName436,EmployeeLastName436,58524,2
437,EmployeeFirstName437,EmployeeLastName437,57837,26
438,EmployeeFirstName438,EmployeeLastName438,56276,10
439,EmployeeFirstName439,EmployeeLastName439,57122,44
440,EmployeeFirstName440,EmployeeLastName440,57809,28
441,EmployeeFirstName441,EmployeeLastName441,54165,39
442,EmployeeFirstName442,EmployeeLastName442,51236,30
443,EmployeeFirstName443,EmployeeLastName443,56857,21
444,EmployeeFirstName444,EmployeeLastName444,64106,34
445,EmployeeFirstName445,EmployeeLastName445,55591,36
446,EmployeeFirstName446,EmployeeLastName446,58497,34
447,EmployeeFirstName447,EmployeeLastName447,54711,10
448,EmployeeFirstName448,EmployeeLastName448,54680,4
449,EmployeeFirstName449,EmployeeLastName449,54886,38
450,EmployeeFirstName450,EmployeeLastName450,54135,33
451,EmployeeFirstName451,EmployeeLastName451,63221,7
452,EmployeeFirstName452,EmployeeLastName452,64058,19
453,EmployeeFirstName453,EmployeeLastName453,58444,16
454,EmployeeFirstName454,EmployeeLastName454,54926,49
455,EmployeeFirstName455,EmployeeLastName455,62564,47
456,EmployeeFirstName456,EmployeeLastName456,57739,49
457,EmployeeFirstName457,EmployeeLastName457,53303,13
458,EmployeeFirstName458,EmployeeLastName458,57126,36
459,EmployeeFirstName459,EmployeeLastName459,51192,18
460,EmployeeFirstName460,EmployeeLastName460,51933,24
461,EmployeeFirstName461,EmployeeLastName461,62484,23
462,EmployeeFirstName462,EmployeeLastName462,54135,33
463,EmployeeFirstName463,EmployeeLastName463,55554,22
464,EmployeeFirstName464,EmployeeLastName464,55505,16
465,EmployeeFirstName465,EmployeeLastName465,56373,40
466,EmployeeFirstName466,EmployeeLastName466,56954,5
467,EmployeeFirstName467,EmployeeLastName467,56237,25
468,EmployeeFirstName468,EmployeeLastName468,57750,10
469,EmployeeFirstName469,EmployeeLastName469,52580,6
470,EmployeeFirstName470,EmployeeLastName470,56890,4
471,EmployeeFirstName471,EmployeeLastName471,59428,45
472,EmployeeFirstName472,EmployeeLastName472,57015,11
473,EmployeeFirstName473,EmployeeLastName473,60903,19
474,EmployeeFirstName474,EmployeeLastName474,60133,30
475,EmployeeFirstName475,EmployeeLastName475,62531,38
476,EmployeeFirstName476,EmployeeLastName476,57051,15
477,EmployeeFirstName477,EmployeeLastName477,52659,25
478,EmployeeFirstName478,EmployeeLastName478,57769,24
479,EmployeeFirstName479,EmployeeLastName479,56899,5
480,EmployeeFirstName480,EmployeeLastName480,56852,19
481,EmployeeFirstName481,EmployeeLastName481,60931,44
482,EmployeeFirstName482,EmployeeLastName482,53417,48
483,EmployeeFirstName483,EmployeeLastName483,58617,31
484,EmployeeFirstName484,EmployeeLastName484,63317,38
485,EmployeeFirstName485,EmployeeLastName485,57027,34
486,EmployeeFirstName486,EmployeeLastName486,55559,20
487,EmployeeFirstName487,EmployeeLastName487,54880,32
488,EmployeeFirstName488,EmployeeLastName488,57069,20
489,EmployeeFirstName489,EmployeeLastName489,57057,37
490,EmployeeFirstName490,EmployeeLastName490,51284,40
491,EmployeeFirstName491,EmployeeLastName491,53964,2
492,EmployeeFirstName492,EmployeeLastName492,60853,7
493,EmployeeFirstName493,EmployeeLastName493,57092,48
494,EmployeeFirstName494,EmployeeLastName494,53290,10
495,EmployeeFirstName495,EmployeeLastName495,59348,19
496,EmployeeFirstName496,EmployeeLastName496,60109,19
497,EmployeeFirstName497,EmployeeLastName497,54121,48
498,EmployeeFirstName498,EmployeeLastName498,56880,29
499,EmployeeFirstName499,EmployeeLastName499,57701,11
500,EmployeeFirstName500,EmployeeLastName500,55527,21
501,EmployeeFirstName501,EmployeeLastName501,54034,9
502,EmployeeFirstName502,EmployeeLastName502,58517,6
503,EmployeeFirstName503,EmployeeLastName503,61604,2
504,EmployeeFirstName504,EmployeeLastName504,58541,49
505,EmployeeFirstName505,EmployeeLastName505,63255,17
506,EmployeeFirstName506,EmployeeLastName506,51954,30
507,EmployeeFirstName507,EmployeeLastName507,56395,40
508,EmployeeFirstName508,EmployeeLastName508,51897,15
509,EmployeeFirstName509,EmployeeLastName509,55497,18
510,EmployeeFirstName510,EmployeeLastName510,57803,44
511,EmployeeFirstName511,EmployeeLastName511,56265,7
512,EmployeeFirstName512,EmployeeLastName512,57848,40
513,EmployeeFirstName513,EmployeeLastName513,56934,48
514,EmployeeFirstName514,EmployeeLastName514,54124,38
515,EmployeeFirstName515,EmployeeLastName515,57861,44
516,EmployeeFirstName516,EmployeeLastName516,52716,41
517,EmployeeFirstName517,EmployeeLastName517,57065,18
518,EmployeeFirstName518,EmployeeLastName518,57792,13
519,EmployeeFirstName519,EmployeeLastName519,54107,44
520,EmployeeFirstName520,EmployeeLastName520,60834,12
521,EmployeeFirstName521,EmployeeLastName521,60861,21
522,EmployeeFirstName522,EmployeeLastName522,53389,26
523,EmployeeFirstName523,EmployeeLastName523,58672,42
524,EmployeeFirstName524,EmployeeLastName524,55564,38
525,EmployeeFirstName525,EmployeeLastName525,55387,3
526,EmployeeFirstName526,EmployeeLastName526,54082,17
527,EmployeeFirstName527,EmployeeLastName527,56340,29
528,EmployeeFirstName528,EmployeeLastName528,60896,26
529,EmployeeFirstName529,EmployeeLastName529,56920,43
530,EmployeeFirstName530,EmployeeLastName530,57088,24
531,EmployeeFirstName531,EmployeeLastName531,57879,38
532,EmployeeFirstName532,EmployeeLastName532,56226,16
533,EmployeeFirstName533,EmployeeLastName533,55563,18
534,EmployeeFirstName534,EmployeeLastName534,57789,12
535,EmployeeFirstName535,EmployeeLastName535,56950,24
536,EmployeeFirstName536,EmployeeLastName536,57712,26
537,EmployeeFirstName537,EmployeeLastName537,54844,30
538,EmployeeFirstName538,EmployeeLastName538,51984,41
539,EmployeeFirstName539,EmployeeLastName539,60071,9
540,EmployeeFirstName540,EmployeeLastName540,54107,44
541,EmployeeFirstName541,EmployeeLastName541,55480,10
542,EmployeeFirstName542,EmployeeLastName542,59328,44
543,EmployeeFirstName543,EmployeeLastName543,51999,45
544,EmployeeFirstName544,EmployeeLastName544,59397,31
545,EmployeeFirstName545,EmployeeLastName545,56934,13
546,EmployeeFirstName546,EmployeeLastName546,63356,47
547,EmployeeFirstName547,EmployeeLastName547,54807,26
548,EmployeeFirstName548,EmployeeLastName548,56340,42
549,EmployeeFirstName549,EmployeeLastName549,53373,29
550,EmployeeFirstName550,EmployeeLastName550,55586,24
551,EmployeeFirstName551,EmployeeLastName551,54131,30
552,EmployeeFirstName552,EmployeeLastName552,53264,4
553,EmployeeFirstName553,EmployeeLastName553,58494,9
554,EmployeeFirstName554,EmployeeLastName554,51141,6
555,EmployeeFirstName555,EmployeeLastName555,57789,22
556,EmployeeFirstName556,EmployeeLastName556,56956,18
557,EmployeeFirstName557,EmployeeLastName557,57754,28
558,EmployeeFirstName558,EmployeeLastName558,52034,49
559,EmployeeFirstName559,EmployeeLastName559,52718,49
560,EmployeeFirstName560,EmployeeLastName560,60230,48
561,EmployeeFirstName561,EmployeeLastName561,54684,5
562,EmployeeFirstName562,EmployeeLastName562,55497,5
563,EmployeeFirstName563,EmployeeLastName563,56399,41
564,EmployeeFirstName564,EmployeeLastName564,52559,6
565,EmployeeFirstName565,EmployeeLastName565,57784,42
566,EmployeeFirstName566,EmployeeLastName566,53288,3
567,EmployeeFirstName567,EmployeeLastName567,60926,26
568,EmployeeFirstName568,EmployeeLastName568,60886,18
569,EmployeeFirstName569,EmployeeLastName569,56262,4
570,EmployeeFirstName570,EmployeeLastName570,55626,44
571,EmployeeFirstName571,EmployeeLastName571,54678,3
572,EmployeeFirstName572,EmployeeLastName572,54096,21
573,EmployeeFirstName573,EmployeeLastName573,54018,14
574,EmployeeFirstName574,EmployeeLastName574,53362,19
575,EmployeeFirstName575,EmployeeLastName575,54747,18
576,EmployeeFirstName576,EmployeeLastName576,58539,20
577,EmployeeFirstName577,EmployeeLastName577,56363,31
578,EmployeeFirstName578,EmployeeLastName578,54134,38
579,EmployeeFirstName579,EmployeeLastName579,56954,5
580,EmployeeFirstName580,EmployeeLastName580,52611,20
581,EmployeeFirstName581,EmployeeLastName581,62450,15
582,EmployeeFirstName582,EmployeeLastName582,55598,49
583,EmployeeFirstName583,EmployeeLastName583,56286,19
584,EmployeeFirstName584,EmployeeLastName584,60150,26
585,EmployeeFirstName585,EmployeeLastName585,53464,45
586,EmployeeFirstName586,EmployeeLastName586,57774,7
587,EmployeeFirstName587,EmployeeLastName587,57725,2
588,EmployeeFirstName588,EmployeeLastName588,64068,22
589,EmployeeFirstName589,EmployeeLastName589,53374,22
590,EmployeeFirstName590,EmployeeLastName590,57059,38
591,EmployeeFirstName591,EmployeeLastName591,53384,26
592,EmployeeFirstName592,EmployeeLastName592,55497,18
593,EmployeeFirstName593,EmployeeLastName593,54755,9
594,EmployeeFirstName594,EmployeeLastName594,58438,14
595,EmployeeFirstName595,EmployeeLastName595,58584,31
596,EmployeeFirstName596,EmployeeLastName596,63318,36
597,EmployeeFirstName597,EmployeeLastName597,56366,48
598,EmployeeFirstName598,EmployeeLastName598,54037,5
599,EmployeeFirstName599,EmployeeLastName599,52554,4
600,EmployeeFirstName600,EmployeeLastName600,61686,21
601,EmployeeFirstName601,EmployeeLastName601,53417,33
602,EmployeeFirstName602,EmployeeLastName602,52618,19
603,EmployeeFirstName603,EmployeeLastName603,59358,35
604,EmployeeFirstName604,EmployeeLastName604,56322,20
605,EmployeeFirstName605,EmployeeLastName605,52000,41
606,EmployeeFirstName606,EmployeeLastName606,60973,45
607,EmployeeFirstName607,EmployeeLastName607,56142,18
608,EmployeeFirstName608,EmployeeLastName608,55567,19
609,EmployeeFirstName609,EmployeeLastName609,56849,18
610,EmployeeFirstName610,EmployeeLastName610,55526,8
611,EmployeeFirstName611,EmployeeLastName611,58606,24
612,EmployeeFirstName612,EmployeeLastName612,54763,4
613,EmployeeFirstName613,EmployeeLastName613,56947,3
614,EmployeeFirstName614,EmployeeLastName614,61729,36
615,EmployeeFirstName615,EmployeeLastName615,53360,22
616,EmployeeFirstName616,EmployeeLastName616,57087,25
617,EmployeeFirstName617,EmployeeLastName617,54840,29
618,EmployeeFirstName618,EmployeeLastName618,52006,42
619,EmployeeFirstName619,EmployeeLastName619,54823,25
620,EmployeeFirstName620,EmployeeLastName620,61716,30
621,EmployeeFirstName621,EmployeeLastName621,54018,14
622,EmployeeFirstName622,EmployeeLastName622,63238,12
623,EmployeeFirstName623,EmployeeLastName623,60892,20
624,EmployeeFirstName624,EmployeeLastName624,53331,13
625,EmployeeFirstName625,EmployeeLastName625,56812,5
626,EmployeeFirstName626,EmployeeLastName626,51183,16
627,EmployeeFirstName627,EmployeeLastName627,61656,19
628,EmployeeFirstName628,EmployeeLastName628,57025,21
629,EmployeeFirstName629,EmployeeLastName629,61766,46
630,EmployeeFirstName630,EmployeeLastName630,54921,48
631,EmployeeFirstName631,EmployeeLastName631,57062,18
632,EmployeeFirstName632,EmployeeLastName632,59378,30
633,EmployeeFirstName633,EmployeeLastName633,58530,31
634,EmployeeFirstName634,EmployeeLastName634,57001,41
635,EmployeeFirstName635,EmployeeLastName635,52555,5
636,EmployeeFirstName636,EmployeeLastName636,54152,37
637,EmployeeFirstName637,EmployeeLastName637,57790,40
638,EmployeeFirstName638,EmployeeLastName638,57896,38
639,EmployeeFirstName639,EmployeeLastName639,61674,25
640,EmployeeFirstName640,EmployeeLastName640,54846,23
641,EmployeeFirstName641,EmployeeLastName641,61722,34
642,EmployeeFirstName642,EmployeeLastName642,59377,33
643,EmployeeFirstName643,EmployeeLastName643,58695,48
644,EmployeeFirstName644,EmployeeLastName644,54119,37
645,EmployeeFirstName645,EmployeeLastName645,58613,38
646,EmployeeFirstName646,EmployeeLastName646,62557,45
647,EmployeeFirstName647,EmployeeLastName647,56097,3
648,EmployeeFirstName648,EmployeeLastName648,60158,28
649,EmployeeFirstName649,EmployeeLastName649,51986,37
650,EmployeeFirstName650,EmployeeLastName650,52010,43
651,EmployeeFirstName651,EmployeeLastName651,59358,24
652,EmployeeFirstName652,EmployeeLastName652,54795,39
653,EmployeeFirstName653,EmployeeLastName653,53414,47
654,EmployeeFirstName654,EmployeeLastName654,57866,31
655,EmployeeFirstName655,EmployeeLastName655,55537,11
656,EmployeeFirstName656,EmployeeLastName656,60168,43
657,EmployeeFirstName657,EmployeeLastName657,53360,20
658,EmployeeFirstName658,EmployeeLastName658,55396,6
659,EmployeeFirstName659,EmployeeLastName659,54004,2
660,EmployeeFirstName660,EmployeeLastName660,52576,5
661,EmployeeFirstName661,EmployeeLastName661,64151,48
662,EmployeeFirstName662,EmployeeLastName662,61652,15
663,EmployeeFirstName663,EmployeeLastName663,63308,33
664,EmployeeFirstName664,EmployeeLastName664,54787,11
665,EmployeeFirstName665,EmployeeLastName665,52013,44
666,EmployeeFirstName666,EmployeeLastName666,57160,43
667,EmployeeFirstName667,EmployeeLastName667,55539,36
668,EmployeeFirstName668,EmployeeLastName668,60900,20
669,EmployeeFirstName669,EmployeeLastName669,51854,7
670,EmployeeFirstName670,EmployeeLastName670,52009,43
671,EmployeeFirstName671,EmployeeLastName671,53428,36
672,EmployeeFirstName672,EmployeeLastName672,52744,46
673,EmployeeFirstName673,EmployeeLastName673,56385,43
674,EmployeeFirstName674,EmployeeLastName674,55503,28
675,EmployeeFirstName675,EmployeeLastName675,54102,25
676,EmployeeFirstName676,EmployeeLastName676,53303,4
677,EmployeeFirstName677,EmployeeLastName677,57066,19
678,EmployeeFirstName678,EmployeeLastName678,58594,25
679,EmployeeFirstName679,EmployeeLastName679,61638,6
680,EmployeeFirstName680,EmployeeLastName680,52015,49
681,EmployeeFirstName681,EmployeeLastName681,61719,33
682,EmployeeFirstName682,EmployeeLastName682,57015,5
683,EmployeeFirstName683,EmployeeLastName683,58523,43
684,EmployeeFirstName684,EmployeeLastName684,60081,28
685,EmployeeFirstName685,EmployeeLastName685,58538,6
686,EmployeeFirstName686,EmployeeLastName686,53459,44
687,EmployeeFirstName687,EmployeeLastName687,64138,44
688,EmployeeFirstName688,EmployeeLastName688,56186,9
689,EmployeeFirstName689,EmployeeLastName689,53358,18
690,EmployeeFirstName690,EmployeeLastName690,57655,13
691,EmployeeFirstName691,EmployeeLastName691,57026,8
692,EmployeeFirstName692,EmployeeLastName692,52685,33
693,EmployeeFirstName693,EmployeeLastName693,54730,3
694,EmployeeFirstName694,EmployeeLastName694,58596,30
695,EmployeeFirstName695,EmployeeLastName695,53334,12
696,EmployeeFirstName696,EmployeeLastName696,59308,6
697,EmployeeFirstName697,EmployeeLastName697,55550,18
698,EmployeeFirstName698,EmployeeLastName698,60877,21
699,EmployeeFirstName699,EmployeeLastName699,57774,14
700,EmployeeFirstName700,EmployeeLastName700,54801,30
701,EmployeeFirstName701,EmployeeLastName701,53417,33
702,EmployeeFirstName702,EmployeeLastName702,51911,22
703,EmployeeFirstName703,EmployeeLastName703,62503,30
704,EmployeeFirstName704,EmployeeLastName704,58613,35
705,EmployeeFirstName705,EmployeeLastName705,60160,41
706,EmployeeFirstName706,EmployeeLastName706,58509,38
707,EmployeeFirstName707,EmployeeLastName707,55639,47
708,EmployeeFirstName708,EmployeeLastName708,56348,44
709,EmployeeFirstName709,EmployeeLastName709,56974,22
710,EmployeeFirstName710,EmployeeLastName710,50419,3
711,EmployeeFirstName711,EmployeeLastName711,59386,44
712,EmployeeFirstName712,EmployeeLastName712,57823,18
713,EmployeeFirstName713,EmployeeLastName713,58565,13
714,EmployeeFirstName714,EmployeeLastName714,54084,21
715,EmployeeFirstName715,EmployeeLastName715,59428,46
716,EmployeeFirstName716,EmployeeLastName716,57782,10
717,EmployeeFirstName717,EmployeeLastName717,59292,14
718,EmployeeFirstName718,EmployeeLastName718,53464,45
719,EmployeeFirstName719,EmployeeLastName719,52545,2
720,EmployeeFirstName720,EmployeeLastName720,53408,35
721,EmployeeFirstName721,EmployeeLastName721,54845,27
722,EmployeeFirstName722,EmployeeLastName722,61677,17
723,EmployeeFirstName723,EmployeeLastName723,60885,16
724,EmployeeFirstName724,EmployeeLastName724,54080,36
725,EmployeeFirstName725,EmployeeLastName725,56254,2
726,EmployeeFirstName726,EmployeeLastName726,60069,10
727,EmployeeFirstName727,EmployeeLastName727,57799,15
728,EmployeeFirstName728,EmployeeLastName728,60931,44
729,EmployeeFirstName729,EmployeeLastName729,51897,15
730,EmployeeFirstName730,EmployeeLastName730,54793,18
731,EmployeeFirstName731,EmployeeLastName731,54084,29
732,EmployeeFirstName732,EmployeeLastName732,58584,31
733,EmployeeFirstName733,EmployeeLastName733,56189,34
734,EmployeeFirstName734,EmployeeLastName734,54158,37
735,EmployeeFirstName735,EmployeeLastName735,54782,35
736,EmployeeFirstName736,EmployeeLastName736,58698,49
737,EmployeeFirstName737,EmployeeLastName737,53985,8
738,EmployeeFirstName738,EmployeeLastName738,54810,27
739,EmployeeFirstName739,EmployeeLastName739,56359,45
740,EmployeeFirstName740,EmployeeLastName740,60120,41
741,EmployeeFirstName741,EmployeeLastName741,57102,29
742,EmployeeFirstName742,EmployeeLastName742,56157,23
743,EmployeeFirstName743,EmployeeLastName743,56944,32
744,EmployeeFirstName744,EmployeeLastName744,57724,44
745,EmployeeFirstName745,EmployeeLastName745,52614,21
746,EmployeeFirstName746,EmployeeLastName746,63328,39
747,EmployeeFirstName747,EmployeeLastName747,60207,44
748,EmployeeFirstName748,EmployeeLastName748,56963,28
749,EmployeeFirstName749,EmployeeLastName749,56352,35
750,EmployeeFirstName750,EmployeeLastName750,57169,48
751,EmployeeFirstName751,EmployeeLastName751,59418,42
752,EmployeeFirstName752,EmployeeLastName752,59418,37
753,EmployeeFirstName753,EmployeeLastName753,56408,43
754,EmployeeFirstName754,EmployeeLastName754,58457,14
755,EmployeeFirstName755,EmployeeLastName755,57903,40
756,EmployeeFirstName756,EmployeeLastName756,51296,43
757,EmployeeFirstName757,EmployeeLastName757,57066,26
758,EmployeeFirstName758,EmployeeLastName758,58548,29
759,EmployeeFirstName759,EmployeeLastName759,60190,39
760,EmployeeFirstName760,EmployeeLastName760,52692,42
761,EmployeeFirstName761,EmployeeLastName761,54912,46
762,EmployeeFirstName762,EmployeeLastName762,52615,15
763,EmployeeFirstName763,EmployeeLastName763,53329,14
764,EmployeeFirstName764,EmployeeLastName764,55505,2
765,EmployeeFirstName765,EmployeeLastName765,61740,39
766,EmployeeFirstName766,EmployeeLastName766,60183,35
767,EmployeeFirstName767,EmployeeLastName767,52615,15
768,EmployeeFirstName768,EmployeeLastName768,54096,21
769,EmployeeFirstName769,EmployeeLastName769,54684,4
770,EmployeeFirstName770,EmployeeLastName770,57107,38
771,EmployeeFirstName771,EmployeeLastName771,54125,49
772,EmployeeFirstName772,EmployeeLastName772,58606,24
773,EmployeeFirstName773,EmployeeLastName773,55626,33
774,EmployeeFirstName774,EmployeeLastName774,55431,17
775,EmployeeFirstName775,EmployeeLastName775,61690,30
776,EmployeeFirstName776,EmployeeLastName776,56280,12
777,EmployeeFirstName777,EmployeeLastName777,60849,6
778,EmployeeFirstName778,EmployeeLastName778,56824,6
779,EmployeeFirstName779,EmployeeLastName779,53314,19
780,EmployeeFirstName780,EmployeeLastName780,56363,31
781,EmployeeFirstName781,EmployeeLastName781,51913,19
782,EmployeeFirstName782,EmployeeLastName782,53397,32
783,EmployeeFirstName783,EmployeeLastName783,54804,14
784,EmployeeFirstName784,EmployeeLastName784,52658,26
785,EmployeeFirstName785,EmployeeLastName785,59292,14
786,EmployeeFirstName786,EmployeeLastName786,51961,31
787,EmployeeFirstName787,EmployeeLastName787,55593,26
788,EmployeeFirstName788,EmployeeLastName788,62570,49
789,EmployeeFirstName789,EmployeeLastName789,59320,23
790,EmployeeFirstName790,EmployeeLastName790,57690,21
791,EmployeeFirstName791,EmployeeLastName791,59325,31
792,EmployeeFirstName792,EmployeeLastName792,61707,26
793,EmployeeFirstName793,EmployeeLastName793,60982,42
794,EmployeeFirstName794,EmployeeLastName794,57814,24
795,EmployeeFirstName795,EmployeeLastName795,53386,29
796,EmployeeFirstName796,EmployeeLastName796,52687,35
797,EmployeeFirstName797,EmployeeLastName797,58590,28
798,EmployeeFirstName798,EmployeeLastName798,57724,44
799,EmployeeFirstName799,EmployeeLastName799,58691,47
800,EmployeeFirstName800,EmployeeLastName800,56960,27
801,EmployeeFirstName801,EmployeeLastName801,63276,25
802,EmployeeFirstName802,EmployeeLastName802,55523,20
803,EmployeeFirstName803,EmployeeLastName803,59364,37
804,EmployeeFirstName804,EmployeeLastName804,58532,4
805,EmployeeFirstName805,EmployeeLastName805,62457,17
806,EmployeeFirstName806,EmployeeLastName806,53397,29
807,EmployeeFirstName807,EmployeeLastName807,58497,34
808,EmployeeFirstName808,EmployeeLastName808,60082,12
809,EmployeeFirstName809,EmployeeLastName809,56200,10
810,EmployeeFirstName810,EmployeeLastName810,58604,47
811,EmployeeFirstName811,EmployeeLastName811,60086,13
812,EmployeeFirstName812,EmployeeLastName812,54871,46
813,EmployeeFirstName813,EmployeeLastName813,57903,40
814,EmployeeFirstName814,EmployeeLastName814,58549,9
815,EmployeeFirstName815,EmployeeLastName815,59313,28
816,EmployeeFirstName816,EmployeeLastName816,53476,48
817,EmployeeFirstName817,EmployeeLastName817,54027,16
818,EmployeeFirstName818,EmployeeLastName818,56989,16
819,EmployeeFirstName819,EmployeeLastName819,51900,19
820,EmployeeFirstName820,EmployeeLastName820,59338,34
821,EmployeeFirstName821,EmployeeLastName821,59352,20
822,EmployeeFirstName822,EmployeeLastName822,54044,13
823,EmployeeFirstName823,EmployeeLastName823,57831,35
824,EmployeeFirstName824,EmployeeLastName824,55530,9
825,EmployeeFirstName825,EmployeeLastName825,53354,17
826,EmployeeFirstName826,EmployeeLastName826,56159,24
827,EmployeeFirstName827,EmployeeLastName827,59294,5
828,EmployeeFirstName828,EmployeeLastName828,56418,46
829,EmployeeFirstName829,EmployeeLastName829,60834,12
830,EmployeeFirstName830,EmployeeLastName830,51300,44
831,EmployeeFirstName831,EmployeeLastName831,63343,46
832,EmployeeFirstName832,EmployeeLastName832,63359,48
833,EmployeeFirstName833,EmployeeLastName833,55387,3
834,EmployeeFirstName834,EmployeeLastName834,60166,32
835,EmployeeFirstName835,EmployeeLastName835,56812,5
836,EmployeeFirstName836,EmployeeLastName836,60172,42
837,EmployeeFirstName837,EmployeeLastName837,54687,6
838,EmployeeFirstName838,EmployeeLastName838,58617,39
839,EmployeeFirstName839,EmployeeLastName839,52724,41
840,EmployeeFirstName840,EmployeeLastName840,58494,9
841,EmployeeFirstName841,EmployeeLastName841,56253,30
842,EmployeeFirstName842,EmployeeLastName842,53401,30
843,EmployeeFirstName843,EmployeeLastName843,51856,7
844,EmployeeFirstName844,EmployeeLastName844,61686,21
845,EmployeeFirstName845,EmployeeLastName845,63298,30
846,EmployeeFirstName846,EmployeeLastName846,53389,40
847,EmployeeFirstName847,EmployeeLastName847,58617,31
848,EmployeeFirstName848,EmployeeLastName848,64106,34
849,EmployeeFirstName849,EmployeeLastName849,59390,29
850,EmployeeFirstName850,EmployeeLastName850,61644,15
851,EmployeeFirstName851,EmployeeLastName851,54856,30
852,EmployeeFirstName852,EmployeeLastName852,52721,43
853,EmployeeFirstName853,EmployeeLastName853,57731,30
854,EmployeeFirstName854,EmployeeLastName854,63352,49
855,EmployeeFirstName855,EmployeeLastName855,56258,15
856,EmployeeFirstName856,EmployeeLastName856,57097,35
857,EmployeeFirstName857,EmployeeLastName857,57009,30
858,EmployeeFirstName858,EmployeeLastName858,61733,44
859,EmployeeFirstName859,EmployeeLastName859,59385,35
860,EmployeeFirstName860,EmployeeLastName860,56947,16
861,EmployeeFirstName861,EmployeeLastName861,59298,3
862,EmployeeFirstName862,EmployeeLastName862,58631,31
863,EmployeeFirstName863,EmployeeLastName863,59432,41
864,EmployeeFirstName864,EmployeeLastName864,55471,30
865,EmployeeFirstName865,EmployeeLastName865,58645,46
866,EmployeeFirstName866,EmployeeLastName866,54797,23
867,EmployeeFirstName867,EmployeeLastName867,53472,47
868,EmployeeFirstName868,EmployeeLastName868,54152,37
869,EmployeeFirstName869,EmployeeLastName869,57000,15
870,EmployeeFirstName870,EmployeeLastName870,58433,12
871,EmployeeFirstName871,EmployeeLastName871,51242,30
872,EmployeeFirstName872,EmployeeLastName872,57137,47
873,EmployeeFirstName873,EmployeeLastName873,54912,46
874,EmployeeFirstName874,EmployeeLastName874,60184,46
875,EmployeeFirstName875,EmployeeLastName875,60207,44
876,EmployeeFirstName876,EmployeeLastName876,55649,49
877,EmployeeFirstName877,EmployeeLastName877,54754,2
878,EmployeeFirstName878,EmployeeLastName878,59301,7
879,EmployeeFirstName879,EmployeeLastName879,60958,36
880,EmployeeFirstName880,EmployeeLastName880,61681,27
881,EmployeeFirstName881,EmployeeLastName881,56308,18
882,EmployeeFirstName882,EmployeeLastName882,55632,38
883,EmployeeFirstName883,EmployeeLastName883,55406,9
884,EmployeeFirstName884,EmployeeLastName884,60082,7
885,EmployeeFirstName885,EmployeeLastName885,61784,48
886,EmployeeFirstName886,EmployeeLastName886,53397,29
887,EmployeeFirstName887,EmployeeLastName887,52743,48
888,EmployeeFirstName888,EmployeeLastName888,61742,36
889,EmployeeFirstName889,EmployeeLastName889,54794,13
890,EmployeeFirstName890,EmployeeLastName890,57928,47
891,EmployeeFirstName891,EmployeeLastName891,58584,19
892,EmployeeFirstName892,EmployeeLastName892,62415,5
893,EmployeeFirstName893,EmployeeLastName893,56308,30
894,EmployeeFirstName894,EmployeeLastName894,54062,18
895,EmployeeFirstName895,EmployeeLastName895,60100,26
896,EmployeeFirstName896,EmployeeLastName896,57823,18
897,EmployeeFirstName897,EmployeeLastName897,61619,6
898,EmployeeFirstName898,EmployeeLastName898,64013,5
899,EmployeeFirstName899,EmployeeLastName899,57005,29
900,EmployeeFirstName900,EmployeeLastName900,57090,33
901,EmployeeFirstName901,EmployeeLastName901,57623,6
902,EmployeeFirstName902,EmployeeLastName902,57879,38
903,EmployeeFirstName903,EmployeeLastName903,58684,45
904,EmployeeFirstName904,EmployeeLastName904,57753,9
905,EmployeeFirstName905,EmployeeLastName905,57033,23
906,EmployeeFirstName906,EmployeeLastName906,51300,44
907,EmployeeFirstName907,EmployeeLastName907,51220,26
908,EmployeeFirstName908,EmployeeLastName908,57044,13
909,EmployeeFirstName909,EmployeeLastName909,55474,31
910,EmployeeFirstName910,EmployeeLastName910,53366,20
911,EmployeeFirstName911,EmployeeLastName911,57831,22
912,EmployeeFirstName912,EmployeeLastName912,58660,41
913,EmployeeFirstName913,EmployeeLastName913,55509,9
914,EmployeeFirstName914,EmployeeLastName914,53460,49
915,EmployeeFirstName915,EmployeeLastName915,57659,14
916,EmployeeFirstName916,EmployeeLastName916,53371,35
917,EmployeeFirstName917,EmployeeLastName917,54156,38
918,EmployeeFirstName918,EmployeeLastName918,57014,45
919,EmployeeFirstName919,EmployeeLastName919,59301,17
920,EmployeeFirstName920,EmployeeLastName920,58418,7
921,EmployeeFirstName921,EmployeeLastName921,52575,9
922,EmployeeFirstName922,EmployeeLastName922,55589,47
923,EmployeeFirstName923,EmployeeLastName923,53320,17
924,EmployeeFirstName924,EmployeeLastName924,55641,40
925,EmployeeFirstName925,EmployeeLastName925,56953,25
926,EmployeeFirstName926,EmployeeLastName926,57769,16
927,EmployeeFirstName927,EmployeeLastName927,59392,47
928,EmployeeFirstName928,EmployeeLastName928,56157,23
929,EmployeeFirstName929,EmployeeLastName929,56978,23
930,EmployeeFirstName930,EmployeeLastName930,51987,38
931,EmployeeFirstName931,EmployeeLastName931,52582,12
932,EmployeeFirstName932,EmployeeLastName932,50518,27
933,EmployeeFirstName933,EmployeeLastName933,53441,39
934,EmployeeFirstName934,EmployeeLastName934,59307,19
935,EmployeeFirstName935,EmployeeLastName935,59206,3
936,EmployeeFirstName936,EmployeeLastName936,56361,37
937,EmployeeFirstName937,EmployeeLastName937,59342,35
938,EmployeeFirstName938,EmployeeLastName938,56248,3
939,EmployeeFirstName939,EmployeeLastName939,58502,11
940,EmployeeFirstName940,EmployeeLastName940,60855,5
941,EmployeeFirstName941,EmployeeLastName941,55617,34
942,EmployeeFirstName942,EmployeeLastName942,56274,41
943,EmployeeFirstName943,EmployeeLastName943,54816,17
944,EmployeeFirstName944,EmployeeLastName944,56315,22
945,EmployeeFirstName945,EmployeeLastName945,54802,15
946,EmployeeFirstName946,EmployeeLastName946,60886,14
947,EmployeeFirstName947,EmployeeLastName947,63284,26
948,EmployeeFirstName948,EmployeeLastName948,56970,10
949,EmployeeFirstName949,EmployeeLastName949,56224,30
950,EmployeeFirstName950,EmployeeLastName950,55530,13
951,EmployeeFirstName951,EmployeeLastName951,59255,14
952,EmployeeFirstName952,EmployeeLastName952,57854,42
953,EmployeeFirstName953,EmployeeLastName953,62510,32
954,EmployeeFirstName954,EmployeeLastName954,57065,22
955,EmployeeFirstName955,EmployeeLastName955,59414,41
956,EmployeeFirstName956,EmployeeLastName956,51969,37
957,EmployeeFirstName957,EmployeeLastName957,60226,47
958,EmployeeFirstName958,EmployeeLastName958,58531,4
959,EmployeeFirstName959,EmployeeLastName959,59287,3
960,EmployeeFirstName960,EmployeeLastName960,59438,43
961,EmployeeFirstName961,EmployeeLastName961,58548,29
962,EmployeeFirstName962,EmployeeLastName962,54738,5
963,EmployeeFirstName963,EmployeeLastName963,53275,8
964,EmployeeFirstName964,EmployeeLastName964,58485,30
965,EmployeeFirstName965,EmployeeLastName965,57812,47
966,EmployeeFirstName966,EmployeeLastName966,53467,46
967,EmployeeFirstName967,EmployeeLastName967,58555,11
968,EmployeeFirstName968,EmployeeLastName968,59334,46
969,EmployeeFirstName969,EmployeeLastName969,61669,15
970,EmployeeFirstName970,EmployeeLastName970,60946,49
971,EmployeeFirstName971,EmployeeLastName971,53403,44
972,EmployeeFirstName972,EmployeeLastName972,61637,6
973,EmployeeFirstName973,EmployeeLastName973,55496,38
974,EmployeeFirstName974,EmployeeLastName974,61742,36
975,EmployeeFirstName975,EmployeeLastName975,60946,49
976,EmployeeFirstName976,EmployeeLastName976,57014,47
977,EmployeeFirstName977,EmployeeLastName977,58656,48
978,EmployeeFirstName978,EmployeeLastName978,60947,39
979,EmployeeFirstName979,EmployeeLastName979,58549,9
980,EmployeeFirstName980,EmployeeLastName980,57088,24
981,EmployeeFirstName981,EmployeeLastName981,52685,33
982,EmployeeFirstName982,EmployeeLastName982,53384,26
983,EmployeeFirstName983,EmployeeLastName983,52611,20
984,EmployeeFirstName984,EmployeeLastName984,56159,24
985,EmployeeFirstName985,EmployeeLastName985,55610,29
986,EmployeeFirstName986,EmployeeLastName986,57690,32
987,EmployeeFirstName987,EmployeeLastName987,60816,6
988,EmployeeFirstName988,EmployeeLastName988,56953,25
989,EmployeeFirstName989,EmployeeLastName989,60847,13
990,EmployeeFirstName990,EmployeeLastName990,57895,44
991,EmployeeFirstName991,EmployeeLastName991,60149,35
992,EmployeeFirstName992,EmployeeLastName992,52724,41
993,EmployeeFirstName993,EmployeeLastName993,57025,21
994,EmployeeFirstName994,EmployeeLastName994,61644,15
995,EmployeeFirstName995,EmployeeLastName995,62443,13
996,EmployeeFirstName996,EmployeeLastName996,57628,7
997,EmployeeFirstName997,EmployeeLastName997,54177,42
998,EmployeeFirstName998,EmployeeLastName998,61684,19
999,EmployeeFirstName999,EmployeeLastName999,54827,49
1000,EmployeeFirstName1000,EmployeeLastName1000,52026,47
